feature,bucket,n,mean_fwd5,median_fwd5,win_rate,std
VIX水平,18-22,135,0.618,0.875,69.6,2.31
VIX水平,>28(恐慌),17,2.33,3.917,64.7,4.05
VIX水平,22-28,53,0.751,1.192,60.4,3.0
VIX水平,15-18,232,0.107,0.295,57.8,1.4
VIX水平,<15(平静),59,-0.481,-0.342,37.3,1.17
VIX日变化,VIX急升>10%,53,0.844,0.705,69.8,2.86
VIX日变化,VIX急降>10%,33,0.615,1.067,66.7,2.05
VIX日变化,降3~10%,127,0.327,0.318,58.3,1.76
VIX日变化,升3~10%,94,0.391,0.399,57.4,1.78
VIX日变化,平稳-3~3%,188,0.078,0.287,55.9,2.13
10年美债日变化,急升>3%,5,1.154,1.041,80.0,3.92
10年美债日变化,急降>3%,3,0.432,1.068,66.7,2.44
10年美债日变化,降1~3%,76,0.203,0.537,60.5,2.58
10年美债日变化,平稳±1%,329,0.323,0.365,59.3,1.88
10年美债日变化,升1~3%,82,0.357,0.261,54.9,2.18
美元指数日变化,DXY升>1%,6,1.495,1.537,66.7,1.98
美元指数日变化,DXY稳±0.3%,287,0.279,0.396,61.7,2.09
美元指数日变化,DXY降>1%,7,0.077,0.244,57.1,3.9
美元指数日变化,DXY降0.3~1%,97,0.391,0.398,56.7,2.15
美元指数日变化,DXY升0.3~1%,98,0.311,0.282,53.1,1.76
SPY前日涨跌,前日涨>2%,9,1.634,2.034,88.9,2.71
SPY前日涨跌,前日跌>2%,11,1.326,1.741,81.8,4.32
SPY前日涨跌,前日跌1~2%,41,0.717,0.539,63.4,2.56
SPY前日涨跌,前日平±1%,394,0.257,0.355,57.9,1.89
SPY前日涨跌,前日涨1~2%,40,-0.046,0.142,52.5,2.09
SPY_20日动量,跌<-8%,8,4.902,5.403,100.0,2.62
SPY_20日动量,涨>8%,23,1.261,1.156,78.3,1.87
SPY_20日动量,涨3~8%,115,0.215,0.403,60.9,1.4
SPY_20日动量,震荡-3~3%,284,0.224,0.318,56.0,1.91
SPY_20日动量,跌-8~-3%,46,-0.276,-0.324,47.8,3.38